"GeoFIPS","GeoName","Region","ComponentId","ComponentName","IndustryId","IndustryClassification","Description","2001","2002","2003","2004","2005","2006","2007","2008","2009","2010","2011","2012","2013"
"30460","Lexington-Fayette, KY (Metropolitan Statistical Area)"," ","200","GDP by Metropolitan Area (millions of current dollars)","1","...","All industry total",17464,18640,19174,20029,20920,22109,22689,22946,22202,23780,24385,25246,26331
"30460","Lexington-Fayette, KY (Metropolitan Statistical Area)"," ","200","GDP by Metropolitan Area (millions of current dollars)","2","..."," Private industries",15238,16251,16698,17404,18109,19102,19392,19405,18688,20037,20646,21413,22479
"30460","Lexington-Fayette, KY (Metropolitan Statistical Area)"," ","200","GDP by Metropolitan Area (millions of current dollars)","3","11","  Agriculture, forestry, fishing, and hunting","(D)","(D)","(D)","(D)","(D)","(D)","(D)","(D)","(D)","(D)","(D)","(D)","(D)"
"30460","Lexington-Fayette, KY (Metropolitan Statistical Area)"," ","200","GDP by Metropolitan Area (millions of current dollars)","4","111-112","   Farms",584,742,593,595,356,485,473,415,329,336,276,315,"(NA)"
"30460","Lexington-Fayette, KY (Metropolitan Statistical Area)"," ","200","GDP by Metropolitan Area (millions of current dollars)","5","113-115","   Forestry, fishing, and related activities","(D)","(D)","(D)","(D)","(D)","(D)","(D)","(D)","(D)","(D)","(D)","(D)","(NA)"
"30460","Lexington-Fayette, KY (Metropolitan Statistical Area)"," ","200","GDP by Metropolitan Area (millions of current dollars)","6","21","  Mining","(D)","(D)","(D)","(D)","(D)","(D)","(D)","(D)","(D)","(D)","(D)","(D)",400
"30460","Lexington-Fayette, KY (Metropolitan Statistical Area)"," ","200","GDP by Metropolitan Area (millions of current dollars)","7","211","   Oil and gas extraction","(D)","(D)","(D)","(D)","(D)","(D)","(D)","(D)","(D)","(D)","(D)","(D)","(NA)"
"30460","Lexington-Fayette, KY (Metropolitan Statistical Area)"," ","200","GDP by Metropolitan Area (millions of current dollars)","8","212","   Mining, except oil and gas","(D)","(D)","(D)","(D)","(D)","(D)","(D)","(D)","(D)","(D)","(D)","(D)","(NA)"
"30460","Lexington-Fayette, KY (Metropolitan Statistical Area)"," ","200","GDP by Metropolitan Area (millions of current dollars)","9","213","   Support activities for mining","(D)","(D)","(D)","(D)","(D)","(D)","(D)","(D)","(D)","(D)","(D)","(D)","(NA)"
"30460","Lexington-Fayette, KY (Metropolitan Statistical Area)"," ","200","GDP by Metropolitan Area (millions of current dollars)","10","22","  Utilities","(D)","(D)","(D)","(D)","(D)","(D)","(D)","(D)","(D)","(D)","(D)","(D)","(D)"
"30460","Lexington-Fayette, KY (Metropolitan Statistical Area)"," ","200","GDP by Metropolitan Area (millions of current dollars)","11","23","  Construction",891,864,892,948,1028,1053,1071,1039,971,919,926,991,1039
"30460","Lexington-Fayette, KY (Metropolitan Statistical Area)"," ","200","GDP by Metropolitan Area (millions of current dollars)","12","31-33","  Manufacturing",3645,3843,3876,3947,4176,4418,4384,4043,3397,4192,4093,4326,4552
"30460","Lexington-Fayette, KY (Metropolitan Statistical Area)"," ","200","GDP by Metropolitan Area (millions of current dollars)","13","...","   Durable goods manufacturing","(D)","(D)","(D)","(D)","(D)","(D)","(D)","(D)","(D)","(D)","(D)","(D)",3415
"30460","Lexington-Fayette, KY (Metropolitan Statistical Area)"," ","200","GDP by Metropolitan Area (millions of current dollars)","14","321","    Wood products manufacturing","(D)","(D)","(D)","(D)","(D)","(D)","(D)","(D)","(D)","(D)","(D)","(D)","(NA)"
"30460","Lexington-Fayette, KY (Metropolitan Statistical Area)"," ","200","GDP by Metropolitan Area (millions of current dollars)","15","327","    Nonmetallic mineral products manufacturing","(D)","(D)","(D)","(D)","(D)","(D)","(D)","(D)","(D)","(D)","(D)","(D)","(NA)"
"30460","Lexington-Fayette, KY (Metropolitan Statistical Area)"," ","200","GDP by Metropolitan Area (millions of current dollars)","16","331","    Primary metals manufacturing","(D)","(D)","(D)","(D)","(D)","(D)","(D)","(D)","(D)","(D)","(D)","(D)","(NA)"
"30460","Lexington-Fayette, KY (Metropolitan Statistical Area)"," ","200","GDP by Metropolitan Area (millions of current dollars)","17","332","    Fabricated metal products",158,"(D)","(D)","(D)",181,"(D)","(D)","(D)","(D)","(D)","(D)","(D)","(NA)"
"30460","Lexington-Fayette, KY (Metropolitan Statistical Area)"," ","200","GDP by Metropolitan Area (millions of current dollars)","18","333","    Machinery manufacturing","(D)","(D)","(D)","(D)","(D)","(D)","(D)","(D)","(D)","(D)","(D)","(D)","(NA)"
"30460","Lexington-Fayette, KY (Metropolitan Statistical Area)"," ","200","GDP by Metropolitan Area (millions of current dollars)","19","334","    Computer and electronic products manufacturing","(D)","(D)","(D)","(D)","(D)","(D)","(D)","(D)","(D)","(D)","(D)","(D)","(NA)"
"30460","Lexington-Fayette, KY (Metropolitan Statistical Area)"," ","200","GDP by Metropolitan Area (millions of current dollars)","20","335","    Electrical equipment, appliance, and components manufacturing","(D)","(D)","(D)","(D)","(D)","(D)","(D)","(D)","(D)","(D)","(D)","(D)","(NA)"
"30460","Lexington-Fayette, KY (Metropolitan Statistical Area)"," ","200","GDP by Metropolitan Area (millions of current dollars)","21","3361-3363","    Motor vehicles, bodies and trailers, and parts manufacturing","(D)","(D)","(D)","(D)","(D)","(D)","(D)","(D)","(D)","(D)","(D)","(D)","(NA)"
"30460","Lexington-Fayette, KY (Metropolitan Statistical Area)"," ","200","GDP by Metropolitan Area (millions of current dollars)","22","3364-3366, 3369","    Other transportation equipment manufacturing","(D)","(D)","(D)","(D)","(D)","(D)","(D)","(D)","(D)","(D)","(D)","(D)","(NA)"
"30460","Lexington-Fayette, KY (Metropolitan Statistical Area)"," ","200","GDP by Metropolitan Area (millions of current dollars)","23","337","    Furniture and related products manufacturing","(D)","(D)","(D)","(D)","(D)","(D)","(D)","(D)","(D)","(D)","(D)","(D)","(NA)"
"30460","Lexington-Fayette, KY (Metropolitan Statistical Area)"," ","200","GDP by Metropolitan Area (millions of current dollars)","24","339","    Miscellaneous manufacturing","(D)","(D)","(D)","(D)","(D)","(D)","(D)","(D)","(D)","(D)","(D)","(D)","(NA)"
"30460","Lexington-Fayette, KY (Metropolitan Statistical Area)"," ","200","GDP by Metropolitan Area (millions of current dollars)","25","...","   Nondurable goods manufacturing","(D)","(D)","(D)","(D)","(D)","(D)","(D)","(D)","(D)","(D)","(D)","(D)",1137
"30460","Lexington-Fayette, KY (Metropolitan Statistical Area)"," ","200","GDP by Metropolitan Area (millions of current dollars)","26","311-312","    Food and beverage and tobacco products manufacturing","(D)","(D)","(D)","(D)","(D)","(D)","(D)","(D)","(D)","(D)","(D)","(D)","(NA)"
"30460","Lexington-Fayette, KY (Metropolitan Statistical Area)"," ","200","GDP by Metropolitan Area (millions of current dollars)","27","313-314","    Textile mills and textile product mills","(D)","(D)","(D)","(D)","(D)","(D)","(D)","(D)","(D)","(D)","(D)","(D)","(NA)"
"30460","Lexington-Fayette, KY (Metropolitan Statistical Area)"," ","200","GDP by Metropolitan Area (millions of current dollars)","28","315-316","    Apparel and leather and allied products manufacturing","(D)","(D)","(D)","(D)","(D)","(D)","(D)","(D)","(D)","(D)","(D)","(D)","(NA)"
"30460","Lexington-Fayette, KY (Metropolitan Statistical Area)"," ","200","GDP by Metropolitan Area (millions of current dollars)","29","322","    Paper products manufacturing","(D)","(D)","(D)","(D)","(D)","(D)","(D)","(D)","(D)","(D)","(D)","(D)","(NA)"
"30460","Lexington-Fayette, KY (Metropolitan Statistical Area)"," ","200","GDP by Metropolitan Area (millions of current dollars)","30","323","    Printing and related support activities","(D)","(D)","(D)","(D)","(D)","(D)","(D)","(D)","(D)","(D)","(D)","(D)","(NA)"
"30460","Lexington-Fayette, KY (Metropolitan Statistical Area)"," ","200","GDP by Metropolitan Area (millions of current dollars)","31","324","    Petroleum and coal products manufacturing","(D)","(D)","(D)","(D)","(D)","(D)","(D)","(D)","(D)","(D)","(D)","(D)","(NA)"
"30460","Lexington-Fayette, KY (Metropolitan Statistical Area)"," ","200","GDP by Metropolitan Area (millions of current dollars)","32","325","    Chemical products manufacturing","(D)","(D)","(D)","(D)","(D)","(D)","(D)","(D)","(D)","(D)","(D)","(D)","(NA)"
"30460","Lexington-Fayette, KY (Metropolitan Statistical Area)"," ","200","GDP by Metropolitan Area (millions of current dollars)","33","326","    Plastics and rubber products manufacturing","(D)","(D)","(D)","(D)","(D)","(D)","(D)","(D)","(D)","(D)","(D)","(D)","(NA)"
"30460","Lexington-Fayette, KY (Metropolitan Statistical Area)"," ","200","GDP by Metropolitan Area (millions of current dollars)","34","42","  Wholesale trade","(D)","(D)","(D)","(D)","(D)","(D)","(D)","(D)","(D)",1681,1756,"(D)","(D)"
"30460","Lexington-Fayette, KY (Metropolitan Statistical Area)"," ","200","GDP by Metropolitan Area (millions of current dollars)","35","44-45","  Retail trade",1174,1231,1318,1355,1443,1459,1467,1447,1455,1499,1533,1583,1610
"30460","Lexington-Fayette, KY (Metropolitan Statistical Area)"," ","200","GDP by Metropolitan Area (millions of current dollars)","36","48-49","  Transportation and warehousing","(D)","(D)","(D)","(D)","(D)","(D)","(D)","(D)","(D)","(D)","(D)","(D)",684
"30460","Lexington-Fayette, KY (Metropolitan Statistical Area)"," ","200","GDP by Metropolitan Area (millions of current dollars)","37","481","   Air transportation",22,19,21,"(D)","(D)","(D)","(D)","(D)","(D)","(D)","(D)","(D)","(NA)"
"30460","Lexington-Fayette, KY (Metropolitan Statistical Area)"," ","200","GDP by Metropolitan Area (millions of current dollars)","38","482","   Rail transportation",10,9,10,11,12,14,14,18,17,19,21,21,"(NA)"
"30460","Lexington-Fayette, KY (Metropolitan Statistical Area)"," ","200","GDP by Metropolitan Area (millions of current dollars)","39","483","   Water transportation","(D)","(D)","(D)","(D)","(D)","(D)","(D)","(D)","(D)","(D)","(D)","(D)","(NA)"
"30460","Lexington-Fayette, KY (Metropolitan Statistical Area)"," ","200","GDP by Metropolitan Area (millions of current dollars)","40","484","   Truck transportation",196,206,206,220,243,257,246,244,220,220,215,236,"(NA)"
"30460","Lexington-Fayette, KY (Metropolitan Statistical Area)"," ","200","GDP by Metropolitan Area (millions of current dollars)","41","485","   Transit and ground passenger transportation","(D)","(D)","(D)","(D)","(D)","(D)","(D)","(D)","(D)","(D)","(D)","(D)","(NA)"
"30460","Lexington-Fayette, KY (Metropolitan Statistical Area)"," ","200","GDP by Metropolitan Area (millions of current dollars)","42","486","   Pipeline transportation","(D)","(D)","(D)","(D)","(D)","(D)","(D)","(D)","(D)","(D)","(D)","(D)","(NA)"
"30460","Lexington-Fayette, KY (Metropolitan Statistical Area)"," ","200","GDP by Metropolitan Area (millions of current dollars)","43","487-488, 492","   Other transportation and support activities","(D)","(D)","(D)","(D)","(D)","(D)","(D)","(D)","(D)","(D)","(D)","(D)","(NA)"
"30460","Lexington-Fayette, KY (Metropolitan Statistical Area)"," ","200","GDP by Metropolitan Area (millions of current dollars)","44","493","   Warehousing and storage","(D)","(D)","(D)","(D)","(D)","(D)","(D)","(D)","(D)","(D)","(D)","(D)","(NA)"
"30460","Lexington-Fayette, KY (Metropolitan Statistical Area)"," ","200","GDP by Metropolitan Area (millions of current dollars)","45","51","  Information",534,628,648,691,724,814,809,794,736,760,768,723,714
"30460","Lexington-Fayette, KY (Metropolitan Statistical Area)"," ","200","GDP by Metropolitan Area (millions of current dollars)","46","511","   Publishing industries, except Internet (includes software)","(D)","(D)","(D)","(D)","(D)","(D)","(D)","(D)","(D)","(D)","(D)","(D)","(NA)"
"30460","Lexington-Fayette, KY (Metropolitan Statistical Area)"," ","200","GDP by Metropolitan Area (millions of current dollars)","47","512","   Motion picture and sound recording industries","(D)","(D)","(D)","(D)","(D)","(D)","(D)","(D)","(D)","(D)","(D)","(D)","(NA)"
"30460","Lexington-Fayette, KY (Metropolitan Statistical Area)"," ","200","GDP by Metropolitan Area (millions of current dollars)","48","515, 517","   Broadcasting and telecommunications","(D)","(D)","(D)","(D)","(D)","(D)","(D)","(D)","(D)","(D)","(D)","(D)","(NA)"
"30460","Lexington-Fayette, KY (Metropolitan Statistical Area)"," ","200","GDP by Metropolitan Area (millions of current dollars)","49","518, 519","   Data processing, internet publishing, and other information services","(D)","(D)","(D)","(D)","(D)","(D)","(D)","(D)","(D)","(D)","(D)","(D)","(NA)"
"30460","Lexington-Fayette, KY (Metropolitan Statistical Area)"," ","200","GDP by Metropolitan Area (millions of current dollars)","50","52, 53","  Finance, insurance, real estate, rental, and leasing",2940,3206,3355,3400,3581,3659,3482,3602,3840,4016,4239,4301,4595
"30460","Lexington-Fayette, KY (Metropolitan Statistical Area)"," ","200","GDP by Metropolitan Area (millions of current dollars)","51","52","   Finance and insurance",694,682,722,736,788,830,779,705,675,665,705,737,771
"30460","Lexington-Fayette, KY (Metropolitan Statistical Area)"," ","200","GDP by Metropolitan Area (millions of current dollars)","52","521-522","    Federal Reserve banks, credit intermediation, and related services",311,333,331,349,"(D)","(D)","(D)","(D)",294,272,291,308,"(NA)"
"30460","Lexington-Fayette, KY (Metropolitan Statistical Area)"," ","200","GDP by Metropolitan Area (millions of current dollars)","53","523","    Securities, commodity contracts, and investments","(D)","(D)","(D)","(D)","(D)","(D)","(D)","(D)","(D)","(D)","(D)","(D)","(NA)"
"30460","Lexington-Fayette, KY (Metropolitan Statistical Area)"," ","200","GDP by Metropolitan Area (millions of current dollars)","54","524","    Insurance carriers and related activities","(D)","(D)","(D)","(D)","(D)","(D)","(D)","(D)","(D)","(D)","(D)","(D)","(NA)"
"30460","Lexington-Fayette, KY (Metropolitan Statistical Area)"," ","200","GDP by Metropolitan Area (millions of current dollars)","55","525","    Funds, trusts, and other financial vehicles","(D)","(D)","(D)","(D)","(D)","(D)","(D)","(D)","(D)","(D)","(D)","(D)","(NA)"
"30460","Lexington-Fayette, KY (Metropolitan Statistical Area)"," ","200","GDP by Metropolitan Area (millions of current dollars)","56","53","   Real estate and rental and leasing",2246,2525,2633,2664,2793,2828,2704,2898,3166,3350,3534,3563,3825
"30460","Lexington-Fayette, KY (Metropolitan Statistical Area)"," ","200","GDP by Metropolitan Area (millions of current dollars)","57","531","    Real estate","(D)","(D)","(D)","(D)","(D)","(D)","(D)","(D)","(D)","(D)","(D)",3362,"(NA)"
"30460","Lexington-Fayette, KY (Metropolitan Statistical Area)"," ","200","GDP by Metropolitan Area (millions of current dollars)","58","532-533","    Rental and leasing services and lessors of intangible assets","(D)","(D)","(D)","(D)","(D)","(D)","(D)","(D)","(D)","(D)","(D)",201,"(NA)"
"30460","Lexington-Fayette, KY (Metropolitan Statistical Area)"," ","200","GDP by Metropolitan Area (millions of current dollars)","59","54, 55, 56","  Professional and business services",1631,1661,1685,1811,1896,1984,2158,2291,2182,2298,2456,2601,2805
"30460","Lexington-Fayette, KY (Metropolitan Statistical Area)"," ","200","GDP by Metropolitan Area (millions of current dollars)","60","54","   Professional, scientific, and technical services","(D)","(D)","(D)","(D)","(D)","(D)","(D)","(D)","(D)","(D)","(D)","(D)",1452
"30460","Lexington-Fayette, KY (Metropolitan Statistical Area)"," ","200","GDP by Metropolitan Area (millions of current dollars)","64","55","   Management of companies and enterprises","(D)","(D)","(D)","(D)","(D)","(D)","(D)","(D)","(D)","(D)","(D)","(D)","(D)"
"30460","Lexington-Fayette, KY (Metropolitan Statistical Area)"," ","200","GDP by Metropolitan Area (millions of current dollars)","65","56","   Administrative and waste management services","(D)","(D)",409,"(D)","(D)","(D)","(D)","(D)","(D)","(D)","(D)","(D)","(D)"
"30460","Lexington-Fayette, KY (Metropolitan Statistical Area)"," ","200","GDP by Metropolitan Area (millions of current dollars)","66","561","    Administrative and support services","(D)","(D)","(D)","(D)","(D)","(D)","(D)","(D)","(D)","(D)","(D)","(D)","(NA)"
"30460","Lexington-Fayette, KY (Metropolitan Statistical Area)"," ","200","GDP by Metropolitan Area (millions of current dollars)","67","562","    Waste management and remediation services","(D)","(D)","(D)","(D)","(D)","(D)","(D)","(D)","(D)","(D)","(D)","(D)","(NA)"
"30460","Lexington-Fayette, KY (Metropolitan Statistical Area)"," ","200","GDP by Metropolitan Area (millions of current dollars)","68","61, 62","  Educational services, health care, and social assistance",1147,1250,1346,1448,1518,1578,1588,1612,1705,1767,1878,1918,1966
"30460","Lexington-Fayette, KY (Metropolitan Statistical Area)"," ","200","GDP by Metropolitan Area (millions of current dollars)","69","61","   Educational services","(D)","(D)","(D)","(D)","(D)","(D)","(D)","(D)","(D)","(D)","(D)","(D)",216
"30460","Lexington-Fayette, KY (Metropolitan Statistical Area)"," ","200","GDP by Metropolitan Area (millions of current dollars)","70","62","   Health care and social assistance","(D)","(D)","(D)","(D)","(D)","(D)","(D)","(D)","(D)","(D)","(D)","(D)",1750
"30460","Lexington-Fayette, KY (Metropolitan Statistical Area)"," ","200","GDP by Metropolitan Area (millions of current dollars)","71","621","    Ambulatory health care services",558,615,662,715,764,813,835,834,858,860,884,891,"(NA)"
"30460","Lexington-Fayette, KY (Metropolitan Statistical Area)"," ","200","GDP by Metropolitan Area (millions of current dollars)","72","622-623","    Hospitals and nursing and residential care facilities","(D)","(D)","(D)","(D)","(D)","(D)","(D)","(D)","(D)","(D)","(D)","(D)","(NA)"
"30460","Lexington-Fayette, KY (Metropolitan Statistical Area)"," ","200","GDP by Metropolitan Area (millions of current dollars)","73","624","    Social assistance","(D)","(D)",72,"(D)","(D)","(D)",100,105,109,116,119,"(D)","(NA)"
"30460","Lexington-Fayette, KY (Metropolitan Statistical Area)"," ","200","GDP by Metropolitan Area (millions of current dollars)","74","71, 72","  Arts, entertainment, recreation, accommodation, and food services",684,741,796,837,831,"(D)",878,875,879,891,897,938,964
"30460","Lexington-Fayette, KY (Metropolitan Statistical Area)"," ","200","GDP by Metropolitan Area (millions of current dollars)","75","71","   Arts, entertainment, and recreation",135,163,193,204,196,"(D)",203,205,204,200,210,206,197
"30460","Lexington-Fayette, KY (Metropolitan Statistical Area)"," ","200","GDP by Metropolitan Area (millions of current dollars)","76","711-712","    Performing arts, spectator sports, museums, and related activities","(D)",111,137,"(D)",139,132,"(D)","(D)",141,134,143,"(D)","(NA)"
"30460","Lexington-Fayette, KY (Metropolitan Statistical Area)"," ","200","GDP by Metropolitan Area (millions of current dollars)","77","713","    Amusements, gambling, and recreation industries","(D)",52,56,"(D)",57,"(D)","(D)","(D)",62,66,67,"(D)","(NA)"
"30460","Lexington-Fayette, KY (Metropolitan Statistical Area)"," ","200","GDP by Metropolitan Area (millions of current dollars)","78","72","   Accommodation and food services",549,578,604,633,635,657,675,670,676,691,687,732,767
"30460","Lexington-Fayette, KY (Metropolitan Statistical Area)"," ","200","GDP by Metropolitan Area (millions of current dollars)","79","721","    Accommodation","(D)","(D)","(D)","(D)","(D)","(D)","(D)","(D)","(D)","(D)","(D)","(D)","(NA)"
"30460","Lexington-Fayette, KY (Metropolitan Statistical Area)"," ","200","GDP by Metropolitan Area (millions of current dollars)","80","722","    Food services and drinking places","(D)","(D)","(D)","(D)","(D)","(D)","(D)","(D)","(D)","(D)","(D)","(D)","(NA)"
"30460","Lexington-Fayette, KY (Metropolitan Statistical Area)"," ","200","GDP by Metropolitan Area (millions of current dollars)","81","81","  Other services, except government",320,343,355,366,375,375,385,417,426,438,442,455,465
"30460","Lexington-Fayette, KY (Metropolitan Statistical Area)"," ","200","GDP by Metropolitan Area (millions of current dollars)","82","92"," Government",2226,2389,2476,2626,2811,3007,3298,3541,3514,3742,3739,3834,3852
"30460","Lexington-Fayette, KY (Metropolitan Statistical Area)"," ","200","GDP by Metropolitan Area (millions of current dollars)","83","...","  Federal civilian",385,436,455,483,496,517,532,524,576,548,538,528,"(NA)"
"30460","Lexington-Fayette, KY (Metropolitan Statistical Area)"," ","200","GDP by Metropolitan Area (millions of current dollars)","84","...","  Federal military",24,32,49,51,57,54,55,61,68,70,69,65,"(NA)"
"30460","Lexington-Fayette, KY (Metropolitan Statistical Area)"," ","200","GDP by Metropolitan Area (millions of current dollars)","85","...","  State and local",1817,1920,1972,2092,2258,2436,2711,2956,2871,3125,3131,3241,"(NA)"
"30460","Lexington-Fayette, KY (Metropolitan Statistical Area)"," ","200","GDP by Metropolitan Area (millions of current dollars)","86","11, 21","Natural resources and mining","(D)","(D)","(D)","(D)","(D)",773,"(D)","(D)","(D)",750,814,"(D)","(D)"
"30460","Lexington-Fayette, KY (Metropolitan Statistical Area)"," ","200","GDP by Metropolitan Area (millions of current dollars)","87","42, 44-45","Trade","(D)","(D)","(D)","(D)","(D)","(D)","(D)","(D)","(D)",3179,3289,"(D)","(D)"
"30460","Lexington-Fayette, KY (Metropolitan Statistical Area)"," ","200","GDP by Metropolitan Area (millions of current dollars)","88","...","Transportation and utilities",555,579,584,628,681,704,720,770,762,830,843,857,"(D)"
"30460","Lexington-Fayette, KY (Metropolitan Statistical Area)"," ","200","GDP by Metropolitan Area (millions of current dollars)","89","...","Private goods-producing industries",5290,5613,5528,5676,5766,6244,6215,5789,5027,5861,5833,6173,"(D)"
"30460","Lexington-Fayette, KY (Metropolitan Statistical Area)"," ","200","GDP by Metropolitan Area (millions of current dollars)","90","...","Private services-providing industries",9948,10638,11169,11728,12343,12858,13176,13616,13661,14176,14813,15239,"(D)"
"30460","Lexington-Fayette, KY (Metropolitan Statistical Area)"," ","800","Quantity Indexes for Real GDP by Metropolitan Area","1","...","All industry total",90.829,96.281,97.645,99.662,102.526,106.608,106.406,106.229,100.000,106.494,107.913,109.296,111.932
"30460","Lexington-Fayette, KY (Metropolitan Statistical Area)"," ","800","Quantity Indexes for Real GDP by Metropolitan Area","2","..."," Private industries",91.825,97.676,99.318,101.540,104.451,108.808,107.666,106.737,100.000,107.052,109.089,110.485,113.725
"30460","Lexington-Fayette, KY (Metropolitan Statistical Area)"," ","800","Quantity Indexes for Real GDP by Metropolitan Area","3","11","  Agriculture, forestry, fishing, and hunting","(D)","(D)","(D)","(D)","(D)","(D)","(D)","(D)","(D)","(D)","(D)","(D)","(D)"
"30460","Lexington-Fayette, KY (Metropolitan Statistical Area)"," ","800","Quantity Indexes for Real GDP by Metropolitan Area","4","111-112","   Farms",176.477,246.422,173.728,146.013,105.342,151.905,109.022,94.423,100.000,87.601,53.522,60.062,"(NA)"
"30460","Lexington-Fayette, KY (Metropolitan Statistical Area)"," ","800","Quantity Indexes for Real GDP by Metropolitan Area","5","113-115","   Forestry, fishing, and related activities","(D)","(D)","(D)","(D)","(D)","(D)","(D)","(D)","(D)","(D)","(D)","(D)","(NA)"
"30460","Lexington-Fayette, KY (Metropolitan Statistical Area)"," ","800","Quantity Indexes for Real GDP by Metropolitan Area","6","21","  Mining","(D)","(D)","(D)","(D)","(D)","(D)","(D)","(D)","(D)","(D)","(D)","(D)","(D)"
"30460","Lexington-Fayette, KY (Metropolitan Statistical Area)"," ","800","Quantity Indexes for Real GDP by Metropolitan Area","7","211","   Oil and gas extraction","(D)","(D)","(D)","(D)","(D)","(D)","(D)","(D)","(D)","(D)","(D)","(D)","(NA)"
"30460","Lexington-Fayette, KY (Metropolitan Statistical Area)"," ","800","Quantity Indexes for Real GDP by Metropolitan Area","8","212","   Mining, except oil and gas","(D)","(D)","(D)","(D)","(D)","(D)","(D)","(D)","(D)","(D)","(D)","(D)","(NA)"
"30460","Lexington-Fayette, KY (Metropolitan Statistical Area)"," ","800","Quantity Indexes for Real GDP by Metropolitan Area","9","213","   Support activities for mining","(D)","(D)","(D)","(D)","(D)","(D)","(D)","(D)","(D)","(D)","(D)","(D)","(NA)"
"30460","Lexington-Fayette, KY (Metropolitan Statistical Area)"," ","800","Quantity Indexes for Real GDP by Metropolitan Area","10","22","  Utilities","(D)","(D)","(D)","(D)","(D)","(D)","(D)","(D)","(D)","(D)","(D)","(D)","(D)"
"30460","Lexington-Fayette, KY (Metropolitan Statistical Area)"," ","800","Quantity Indexes for Real GDP by Metropolitan Area","11","23","  Construction",141.768,131.226,129.488,127.817,124.967,116.866,111.836,108.633,100.000,96.418,95.918,100.315,101.507
"30460","Lexington-Fayette, KY (Metropolitan Statistical Area)"," ","800","Quantity Indexes for Real GDP by Metropolitan Area","12","31-33","  Manufacturing",93.643,102.028,106.402,112.322,122.322,135.362,137.018,128.865,100.000,128.228,127.715,130.114,134.990
"30460","Lexington-Fayette, KY (Metropolitan Statistical Area)"," ","800","Quantity Indexes for Real GDP by Metropolitan Area","13","...","   Durable goods manufacturing","(D)","(D)","(D)","(D)","(D)","(D)","(D)","(D)","(D)","(D)","(D)","(D)","(D)"
"30460","Lexington-Fayette, KY (Metropolitan Statistical Area)"," ","800","Quantity Indexes for Real GDP by Metropolitan Area","14","321","    Wood products manufacturing","(D)","(D)","(D)","(D)","(D)","(D)","(D)","(D)","(D)","(D)","(D)","(D)","(NA)"
"30460","Lexington-Fayette, KY (Metropolitan Statistical Area)"," ","800","Quantity Indexes for Real GDP by Metropolitan Area","15","327","    Nonmetallic mineral products manufacturing","(D)","(D)","(D)","(D)","(D)","(D)","(D)","(D)","(D)","(D)","(D)","(D)","(NA)"
"30460","Lexington-Fayette, KY (Metropolitan Statistical Area)"," ","800","Quantity Indexes for Real GDP by Metropolitan Area","16","331","    Primary metals manufacturing","(D)","(D)","(D)","(D)","(D)","(D)","(D)","(D)","(D)","(D)","(D)","(D)","(NA)"
"30460","Lexington-Fayette, KY (Metropolitan Statistical Area)"," ","800","Quantity Indexes for Real GDP by Metropolitan Area","17","332","    Fabricated metal products","(D)","(D)","(D)","(D)","(D)","(D)","(D)","(D)","(D)","(D)","(D)","(D)","(NA)"
"30460","Lexington-Fayette, KY (Metropolitan Statistical Area)"," ","800","Quantity Indexes for Real GDP by Metropolitan Area","18","333","    Machinery manufacturing","(D)","(D)","(D)","(D)","(D)","(D)","(D)","(D)","(D)","(D)","(D)","(D)","(NA)"
"30460","Lexington-Fayette, KY (Metropolitan Statistical Area)"," ","800","Quantity Indexes for Real GDP by Metropolitan Area","19","334","    Computer and electronic products manufacturing","(D)","(D)","(D)","(D)","(D)","(D)","(D)","(D)","(D)","(D)","(D)","(D)","(NA)"
"30460","Lexington-Fayette, KY (Metropolitan Statistical Area)"," ","800","Quantity Indexes for Real GDP by Metropolitan Area","20","335","    Electrical equipment, appliance, and components manufacturing","(D)","(D)","(D)","(D)","(D)","(D)","(D)","(D)","(D)","(D)","(D)","(D)","(NA)"
"30460","Lexington-Fayette, KY (Metropolitan Statistical Area)"," ","800","Quantity Indexes for Real GDP by Metropolitan Area","21","3361-3363","    Motor vehicles, bodies and trailers, and parts manufacturing","(D)","(D)","(D)","(D)","(D)","(D)","(D)","(D)","(D)","(D)","(D)","(D)","(NA)"
"30460","Lexington-Fayette, KY (Metropolitan Statistical Area)"," ","800","Quantity Indexes for Real GDP by Metropolitan Area","22","3364-3366, 3369","    Other transportation equipment manufacturing","(D)","(D)","(D)","(D)","(D)","(D)","(D)","(D)","(D)","(D)","(D)","(D)","(NA)"
"30460","Lexington-Fayette, KY (Metropolitan Statistical Area)"," ","800","Quantity Indexes for Real GDP by Metropolitan Area","23","337","    Furniture and related products manufacturing","(D)","(D)","(D)","(D)","(D)","(D)","(D)","(D)","(D)","(D)","(D)","(D)","(NA)"
"30460","Lexington-Fayette, KY (Metropolitan Statistical Area)"," ","800","Quantity Indexes for Real GDP by Metropolitan Area","24","339","    Miscellaneous manufacturing","(D)","(D)","(D)","(D)","(D)","(D)","(D)","(D)","(D)","(D)","(D)","(D)","(NA)"
"30460","Lexington-Fayette, KY (Metropolitan Statistical Area)"," ","800","Quantity Indexes for Real GDP by Metropolitan Area","25","...","   Nondurable goods manufacturing","(D)","(D)","(D)","(D)","(D)","(D)","(D)","(D)","(D)","(D)","(D)","(D)","(D)"
"30460","Lexington-Fayette, KY (Metropolitan Statistical Area)"," ","800","Quantity Indexes for Real GDP by Metropolitan Area","26","311-312","    Food and beverage and tobacco products manufacturing","(D)","(D)","(D)","(D)","(D)","(D)","(D)","(D)","(D)","(D)","(D)","(D)","(NA)"
"30460","Lexington-Fayette, KY (Metropolitan Statistical Area)"," ","800","Quantity Indexes for Real GDP by Metropolitan Area","27","313-314","    Textile mills and textile product mills","(D)","(D)","(D)","(D)","(D)","(D)","(D)","(D)","(D)","(D)","(D)","(D)","(NA)"
"30460","Lexington-Fayette, KY (Metropolitan Statistical Area)"," ","800","Quantity Indexes for Real GDP by Metropolitan Area","28","315-316","    Apparel and leather and allied products manufacturing","(D)","(D)","(D)","(D)","(D)","(D)","(D)","(D)","(D)","(D)","(D)","(D)","(NA)"
"30460","Lexington-Fayette, KY (Metropolitan Statistical Area)"," ","800","Quantity Indexes for Real GDP by Metropolitan Area","29","322","    Paper products manufacturing","(D)","(D)","(D)","(D)","(D)","(D)","(D)","(D)","(D)","(D)","(D)","(D)","(NA)"
"30460","Lexington-Fayette, KY (Metropolitan Statistical Area)"," ","800","Quantity Indexes for Real GDP by Metropolitan Area","30","323","    Printing and related support activities","(D)","(D)","(D)","(D)","(D)","(D)","(D)","(D)","(D)","(D)","(D)","(D)","(NA)"
"30460","Lexington-Fayette, KY (Metropolitan Statistical Area)"," ","800","Quantity Indexes for Real GDP by Metropolitan Area","31","324","    Petroleum and coal products manufacturing","(D)","(D)","(D)","(D)","(D)","(D)","(D)","(D)","(D)","(D)","(D)","(D)","(NA)"
"30460","Lexington-Fayette, KY (Metropolitan Statistical Area)"," ","800","Quantity Indexes for Real GDP by Metropolitan Area","32","325","    Chemical products manufacturing","(D)","(D)","(D)","(D)","(D)","(D)","(D)","(D)","(D)","(D)","(D)","(D)","(NA)"
"30460","Lexington-Fayette, KY (Metropolitan Statistical Area)"," ","800","Quantity Indexes for Real GDP by Metropolitan Area","33","326","    Plastics and rubber products manufacturing","(D)","(D)","(D)","(D)","(D)","(D)","(D)","(D)","(D)","(D)","(D)","(D)","(NA)"
"30460","Lexington-Fayette, KY (Metropolitan Statistical Area)"," ","800","Quantity Indexes for Real GDP by Metropolitan Area","34","42","  Wholesale trade","(D)","(D)","(D)","(D)","(D)","(D)","(D)","(D)","(D)","(D)","(D)","(D)","(D)"
"30460","Lexington-Fayette, KY (Metropolitan Statistical Area)"," ","800","Quantity Indexes for Real GDP by Metropolitan Area","35","44-45","  Retail trade",91.013,95.707,103.157,103.900,108.143,106.282,103.972,100.714,100.000,102.090,102.754,103.632,104.461
"30460","Lexington-Fayette, KY (Metropolitan Statistical Area)"," ","800","Quantity Indexes for Real GDP by Metropolitan Area","36","48-49","  Transportation and warehousing","(D)","(D)","(D)","(D)","(D)","(D)","(D)","(D)","(D)","(D)","(D)","(D)","(D)"
"30460","Lexington-Fayette, KY (Metropolitan Statistical Area)"," ","800","Quantity Indexes for Real GDP by Metropolitan Area","37","481","   Air transportation","(D)","(D)","(D)","(D)","(D)","(D)","(D)","(D)","(D)","(D)","(D)","(D)","(NA)"
"30460","Lexington-Fayette, KY (Metropolitan Statistical Area)"," ","800","Quantity Indexes for Real GDP by Metropolitan Area","38","482","   Rail transportation",81.863,76.097,79.658,87.874,92.854,95.951,92.691,106.951,100.000,105.603,111.981,106.876,"(NA)"
"30460","Lexington-Fayette, KY (Metropolitan Statistical Area)"," ","800","Quantity Indexes for Real GDP by Metropolitan Area","39","483","   Water transportation","(D)","(D)","(D)","(D)","(D)","(D)","(D)","(D)","(D)","(D)","(D)","(D)","(NA)"
"30460","Lexington-Fayette, KY (Metropolitan Statistical Area)"," ","800","Quantity Indexes for Real GDP by Metropolitan Area","40","484","   Truck transportation",103.650,107.317,105.902,111.806,119.777,124.958,118.091,114.375,100.000,105.914,104.142,110.845,"(NA)"
"30460","Lexington-Fayette, KY (Metropolitan Statistical Area)"," ","800","Quantity Indexes for Real GDP by Metropolitan Area","41","485","   Transit and ground passenger transportation","(D)","(D)","(D)","(D)","(D)","(D)","(D)","(D)","(D)","(D)","(D)","(D)","(NA)"
"30460","Lexington-Fayette, KY (Metropolitan Statistical Area)"," ","800","Quantity Indexes for Real GDP by Metropolitan Area","42","486","   Pipeline transportation","(D)","(D)","(D)","(D)","(D)","(D)","(D)","(D)","(D)","(D)","(D)","(D)","(NA)"
"30460","Lexington-Fayette, KY (Metropolitan Statistical Area)"," ","800","Quantity Indexes for Real GDP by Metropolitan Area","43","487-488, 492","   Other transportation and support activities","(D)","(D)","(D)","(D)","(D)","(D)","(D)","(D)","(D)","(D)","(D)","(D)","(NA)"
"30460","Lexington-Fayette, KY (Metropolitan Statistical Area)"," ","800","Quantity Indexes for Real GDP by Metropolitan Area","44","493","   Warehousing and storage","(D)","(D)","(D)","(D)","(D)","(D)","(D)","(D)","(D)","(D)","(D)","(D)","(NA)"
"30460","Lexington-Fayette, KY (Metropolitan Statistical Area)"," ","800","Quantity Indexes for Real GDP by Metropolitan Area","45","51","  Information",66.809,78.892,81.376,87.772,94.580,107.831,109.180,108.373,100.000,104.087,105.441,99.129,98.256
"30460","Lexington-Fayette, KY (Metropolitan Statistical Area)"," ","800","Quantity Indexes for Real GDP by Metropolitan Area","46","511","   Publishing industries, except Internet (includes software)","(D)","(D)","(D)","(D)","(D)","(D)","(D)","(D)","(D)","(D)","(D)","(D)","(NA)"
"30460","Lexington-Fayette, KY (Metropolitan Statistical Area)"," ","800","Quantity Indexes for Real GDP by Metropolitan Area","47","512","   Motion picture and sound recording industries","(D)","(D)","(D)","(D)","(D)","(D)","(D)","(D)","(D)","(D)","(D)","(D)","(NA)"
"30460","Lexington-Fayette, KY (Metropolitan Statistical Area)"," ","800","Quantity Indexes for Real GDP by Metropolitan Area","48","515, 517","   Broadcasting and telecommunications","(D)","(D)","(D)","(D)","(D)","(D)","(D)","(D)","(D)","(D)","(D)","(D)","(NA)"
"30460","Lexington-Fayette, KY (Metropolitan Statistical Area)"," ","800","Quantity Indexes for Real GDP by Metropolitan Area","49","518, 519","   Data processing, internet publishing, and other information services","(D)","(D)","(D)","(D)","(D)","(D)","(D)","(D)","(D)","(D)","(D)","(D)","(NA)"
"30460","Lexington-Fayette, KY (Metropolitan Statistical Area)"," ","800","Quantity Indexes for Real GDP by Metropolitan Area","50","52, 53","  Finance, insurance, real estate, rental, and leasing",89.445,94.495,96.405,95.527,98.520,98.303,91.787,93.888,100.000,104.469,109.233,107.793,112.621
"30460","Lexington-Fayette, KY (Metropolitan Statistical Area)"," ","800","Quantity Indexes for Real GDP by Metropolitan Area","51","52","   Finance and insurance",108.206,104.260,106.778,105.736,111.026,115.579,107.041,97.329,100.000,95.223,99.629,100.177,103.032
"30460","Lexington-Fayette, KY (Metropolitan Statistical Area)"," ","800","Quantity Indexes for Real GDP by Metropolitan Area","52","521-522","    Federal Reserve banks, credit intermediation, and related services",100.307,105.372,102.103,105.675,"(D)","(D)","(D)","(D)",100.000,87.658,94.982,93.719,"(NA)"
"30460","Lexington-Fayette, KY (Metropolitan Statistical Area)"," ","800","Quantity Indexes for Real GDP by Metropolitan Area","53","523","    Securities, commodity contracts, and investments","(D)","(D)","(D)","(D)","(D)","(D)","(D)","(D)","(D)","(D)","(D)","(D)","(NA)"
"30460","Lexington-Fayette, KY (Metropolitan Statistical Area)"," ","800","Quantity Indexes for Real GDP by Metropolitan Area","54","524","    Insurance carriers and related activities","(D)","(D)","(D)","(D)","(D)","(D)","(D)","(D)","(D)","(D)","(D)","(D)","(NA)"
"30460","Lexington-Fayette, KY (Metropolitan Statistical Area)"," ","800","Quantity Indexes for Real GDP by Metropolitan Area","55","525","    Funds, trusts, and other financial vehicles","(D)","(D)","(D)","(D)","(D)","(D)","(D)","(D)","(D)","(D)","(D)","(D)","(NA)"
"30460","Lexington-Fayette, KY (Metropolitan Statistical Area)"," ","800","Quantity Indexes for Real GDP by Metropolitan Area","56","53","   Real estate and rental and leasing",85.059,92.285,94.052,93.211,95.652,94.283,88.243,93.123,100.000,106.481,111.323,109.438,114.707
"30460","Lexington-Fayette, KY (Metropolitan Statistical Area)"," ","800","Quantity Indexes for Real GDP by Metropolitan Area","57","531","    Real estate","(D)","(D)","(D)","(D)","(D)","(D)","(D)","(D)","(D)","(D)","(D)","(D)","(NA)"
"30460","Lexington-Fayette, KY (Metropolitan Statistical Area)"," ","800","Quantity Indexes for Real GDP by Metropolitan Area","58","532-533","    Rental and leasing services and lessors of intangible assets","(D)","(D)","(D)","(D)","(D)","(D)","(D)","(D)","(D)","(D)","(D)","(D)","(NA)"
"30460","Lexington-Fayette, KY (Metropolitan Statistical Area)"," ","800","Quantity Indexes for Real GDP by Metropolitan Area","59","54, 55, 56","  Professional and business services",92.357,92.713,92.606,95.393,96.686,97.485,101.356,106.354,100.000,104.051,110.122,114.850,121.800
"30460","Lexington-Fayette, KY (Metropolitan Statistical Area)"," ","800","Quantity Indexes for Real GDP by Metropolitan Area","60","54","   Professional, scientific, and technical services","(D)","(D)","(D)","(D)","(D)","(D)","(D)","(D)","(D)","(D)","(D)","(D)","(D)"
"30460","Lexington-Fayette, KY (Metropolitan Statistical Area)"," ","800","Quantity Indexes for Real GDP by Metropolitan Area","64","55","   Management of companies and enterprises","(D)","(D)","(D)","(D)","(D)","(D)","(D)","(D)","(D)","(D)","(D)","(D)","(D)"
"30460","Lexington-Fayette, KY (Metropolitan Statistical Area)"," ","800","Quantity Indexes for Real GDP by Metropolitan Area","65","56","   Administrative and waste management services","(D)","(D)","(D)","(D)","(D)","(D)","(D)","(D)","(D)","(D)","(D)","(D)","(D)"
"30460","Lexington-Fayette, KY (Metropolitan Statistical Area)"," ","800","Quantity Indexes for Real GDP by Metropolitan Area","66","561","    Administrative and support services","(D)","(D)","(D)","(D)","(D)","(D)","(D)","(D)","(D)","(D)","(D)","(D)","(NA)"
"30460","Lexington-Fayette, KY (Metropolitan Statistical Area)"," ","800","Quantity Indexes for Real GDP by Metropolitan Area","67","562","    Waste management and remediation services","(D)","(D)","(D)","(D)","(D)","(D)","(D)","(D)","(D)","(D)","(D)","(D)","(NA)"
"30460","Lexington-Fayette, KY (Metropolitan Statistical Area)"," ","800","Quantity Indexes for Real GDP by Metropolitan Area","68","61, 62","  Educational services, health care, and social assistance",85.885,90.552,94.577,98.661,100.474,102.005,98.529,98.017,100.000,101.347,106.316,106.663,107.613
"30460","Lexington-Fayette, KY (Metropolitan Statistical Area)"," ","800","Quantity Indexes for Real GDP by Metropolitan Area","69","61","   Educational services","(D)","(D)","(D)","(D)","(D)","(D)","(D)","(D)","(D)","(D)","(D)","(D)","(D)"
"30460","Lexington-Fayette, KY (Metropolitan Statistical Area)"," ","800","Quantity Indexes for Real GDP by Metropolitan Area","70","62","   Health care and social assistance","(D)","(D)","(D)","(D)","(D)","(D)","(D)","(D)","(D)","(D)","(D)","(D)","(D)"
"30460","Lexington-Fayette, KY (Metropolitan Statistical Area)"," ","800","Quantity Indexes for Real GDP by Metropolitan Area","71","621","    Ambulatory health care services",78.154,85.007,89.497,94.492,98.662,103.868,101.945,100.480,100.000,97.897,99.680,99.301,"(NA)"
"30460","Lexington-Fayette, KY (Metropolitan Statistical Area)"," ","800","Quantity Indexes for Real GDP by Metropolitan Area","72","622-623","    Hospitals and nursing and residential care facilities","(D)","(D)","(D)","(D)","(D)","(D)","(D)","(D)","(D)","(D)","(D)","(D)","(NA)"
"30460","Lexington-Fayette, KY (Metropolitan Statistical Area)"," ","800","Quantity Indexes for Real GDP by Metropolitan Area","73","624","    Social assistance","(D)","(D)",78.596,"(D)","(D)","(D)",96.167,99.172,100.000,103.782,104.204,"(D)","(NA)"
"30460","Lexington-Fayette, KY (Metropolitan Statistical Area)"," ","800","Quantity Indexes for Real GDP by Metropolitan Area","74","71, 72","  Arts, entertainment, recreation, accommodation, and food services",101.879,106.495,112.668,115.738,110.554,"(D)",108.264,104.549,100.000,101.334,102.554,103.800,104.080
"30460","Lexington-Fayette, KY (Metropolitan Statistical Area)"," ","800","Quantity Indexes for Real GDP by Metropolitan Area","75","71","   Arts, entertainment, and recreation",84.803,100.196,114.480,117.690,108.759,"(D)",104.539,103.148,100.000,98.202,103.141,98.784,92.920
"30460","Lexington-Fayette, KY (Metropolitan Statistical Area)"," ","800","Quantity Indexes for Real GDP by Metropolitan Area","76","711-712","    Performing arts, spectator sports, museums, and related activities","(D)",101.603,121.243,"(D)",112.437,103.481,"(D)","(D)",100.000,94.309,100.683,"(D)","(NA)"
"30460","Lexington-Fayette, KY (Metropolitan Statistical Area)"," ","800","Quantity Indexes for Real GDP by Metropolitan Area","77","713","    Amusements, gambling, and recreation industries","(D)",96.544,99.889,"(D)",100.818,"(D)","(D)","(D)",100.000,107.080,108.703,"(D)","(NA)"
"30460","Lexington-Fayette, KY (Metropolitan Statistical Area)"," ","800","Quantity Indexes for Real GDP by Metropolitan Area","78","72","   Accommodation and food services",107.111,108.411,112.077,115.102,111.101,111.022,109.419,104.978,100.000,102.278,102.373,105.309,107.420
"30460","Lexington-Fayette, KY (Metropolitan Statistical Area)"," ","800","Quantity Indexes for Real GDP by Metropolitan Area","79","721","    Accommodation","(D)","(D)","(D)","(D)","(D)","(D)","(D)","(D)","(D)","(D)","(D)","(D)","(NA)"
"30460","Lexington-Fayette, KY (Metropolitan Statistical Area)"," ","800","Quantity Indexes for Real GDP by Metropolitan Area","80","722","    Food services and drinking places","(D)","(D)","(D)","(D)","(D)","(D)","(D)","(D)","(D)","(D)","(D)","(D)","(NA)"
"30460","Lexington-Fayette, KY (Metropolitan Statistical Area)"," ","800","Quantity Indexes for Real GDP by Metropolitan Area","81","81","  Other services, except government",102.393,105.120,105.749,105.570,104.000,100.046,98.859,102.906,100.000,100.258,99.211,99.721,98.983
"30460","Lexington-Fayette, KY (Metropolitan Statistical Area)"," ","800","Quantity Indexes for Real GDP by Metropolitan Area","82","92"," Government",86.008,89.032,88.718,89.535,92.145,94.706,99.660,103.529,100.000,103.563,101.783,103.097,102.573
"30460","Lexington-Fayette, KY (Metropolitan Statistical Area)"," ","800","Quantity Indexes for Real GDP by Metropolitan Area","83","...","  Federal civilian",90.813,97.220,96.357,97.544,96.013,96.955,96.214,92.785,100.000,91.660,88.128,86.397,"(NA)"
"30460","Lexington-Fayette, KY (Metropolitan Statistical Area)"," ","800","Quantity Indexes for Real GDP by Metropolitan Area","84","...","  Federal military",50.973,64.467,89.229,88.657,93.458,84.695,81.585,89.312,100.000,100.321,97.365,91.057,"(NA)"
"30460","Lexington-Fayette, KY (Metropolitan Statistical Area)"," ","800","Quantity Indexes for Real GDP by Metropolitan Area","85","...","  State and local",85.777,87.876,87.082,87.855,91.274,94.451,100.777,106.039,100.000,106.040,104.644,106.756,"(NA)"
"30460","Lexington-Fayette, KY (Metropolitan Statistical Area)"," ","800","Quantity Indexes for Real GDP by Metropolitan Area","86","11, 21","Natural resources and mining","(D)","(D)","(D)","(D)","(D)","(D)","(D)","(D)","(D)","(D)","(D)","(D)","(D)"
"30460","Lexington-Fayette, KY (Metropolitan Statistical Area)"," ","800","Quantity Indexes for Real GDP by Metropolitan Area","87","42, 44-45","Trade","(D)","(D)","(D)","(D)","(D)","(D)","(D)","(D)","(D)","(D)","(D)","(D)","(D)"
"30460","Lexington-Fayette, KY (Metropolitan Statistical Area)"," ","800","Quantity Indexes for Real GDP by Metropolitan Area","88","...","Transportation and utilities",90.586,94.643,92.486,97.568,102.283,102.118,101.844,106.497,100.000,110.852,112.138,113.679,"(D)"
"30460","Lexington-Fayette, KY (Metropolitan Statistical Area)"," ","800","Quantity Indexes for Real GDP by Metropolitan Area","89","...","Private goods-producing industries",104.693,114.150,112.412,114.557,118.158,130.270,126.789,119.085,100.000,118.278,116.672,120.024,"(D)"
"30460","Lexington-Fayette, KY (Metropolitan Statistical Area)"," ","800","Quantity Indexes for Real GDP by Metropolitan Area","90","...","Private services-providing industries",87.172,91.516,94.590,96.858,99.509,100.891,100.628,102.201,100.000,102.957,106.304,106.995,"(D)"
"30460","Lexington-Fayette, KY (Metropolitan Statistical Area)"," ","900","Real GDP by Metropolitan Area","1","...","All industry total",20166,21376,21679,22127,22763,23669,23624,23585,22202,23644,23959,24266,24851
"30460","Lexington-Fayette, KY (Metropolitan Statistical Area)"," ","900","Real GDP by Metropolitan Area","2","..."," Private industries",17160,18253,18560,18975,19519,20334,20120,19947,18688,20006,20386,20647,21253
"30460","Lexington-Fayette, KY (Metropolitan Statistical Area)"," ","900","Real GDP by Metropolitan Area","3","11","  Agriculture, forestry, fishing, and hunting","(D)","(D)","(D)","(D)","(D)","(D)","(D)","(D)","(D)","(D)","(D)","(D)","(D)"
"30460","Lexington-Fayette, KY (Metropolitan Statistical Area)"," ","900","Real GDP by Metropolitan Area","4","111-112","   Farms",581,811,572,481,347,500,359,311,329,288,176,198,"(NA)"
"30460","Lexington-Fayette, KY (Metropolitan Statistical Area)"," ","900","Real GDP by Metropolitan Area","5","113-115","   Forestry, fishing, and related activities","(D)","(D)","(D)","(D)","(D)","(D)","(D)","(D)","(D)","(D)","(D)","(D)","(NA)"
"30460","Lexington-Fayette, KY (Metropolitan Statistical Area)"," ","900","Real GDP by Metropolitan Area","6","21","  Mining","(D)","(D)","(D)","(D)","(D)","(D)","(D)","(D)","(D)","(D)","(D)","(D)",343
"30460","Lexington-Fayette, KY (Metropolitan Statistical Area)"," ","900","Real GDP by Metropolitan Area","7","211","   Oil and gas extraction","(D)","(D)","(D)","(D)","(D)","(D)","(D)","(D)","(D)","(D)","(D)","(D)","(NA)"
"30460","Lexington-Fayette, KY (Metropolitan Statistical Area)"," ","900","Real GDP by Metropolitan Area","8","212","   Mining, except oil and gas","(D)","(D)","(D)","(D)","(D)","(D)","(D)","(D)","(D)","(D)","(D)","(D)","(NA)"
"30460","Lexington-Fayette, KY (Metropolitan Statistical Area)"," ","900","Real GDP by Metropolitan Area","9","213","   Support activities for mining","(D)","(D)","(D)","(D)","(D)","(D)","(D)","(D)","(D)","(D)","(D)","(D)","(NA)"
"30460","Lexington-Fayette, KY (Metropolitan Statistical Area)"," ","900","Real GDP by Metropolitan Area","10","22","  Utilities","(D)","(D)","(D)","(D)","(D)","(D)","(D)","(D)","(D)","(D)","(D)","(D)","(D)"
"30460","Lexington-Fayette, KY (Metropolitan Statistical Area)"," ","900","Real GDP by Metropolitan Area","11","23","  Construction",1376,1274,1257,1241,1213,1135,1086,1055,971,936,931,974,986
"30460","Lexington-Fayette, KY (Metropolitan Statistical Area)"," ","900","Real GDP by Metropolitan Area","12","31-33","  Manufacturing",3181,3466,3614,3815,4155,4598,4654,4377,3397,4356,4338,4420,4585
"30460","Lexington-Fayette, KY (Metropolitan Statistical Area)"," ","900","Real GDP by Metropolitan Area","13","...","   Durable goods manufacturing","(D)","(D)","(D)","(D)","(D)","(D)","(D)","(D)","(D)","(D)","(D)","(D)",3531
"30460","Lexington-Fayette, KY (Metropolitan Statistical Area)"," ","900","Real GDP by Metropolitan Area","14","321","    Wood products manufacturing","(D)","(D)","(D)","(D)","(D)","(D)","(D)","(D)","(D)","(D)","(D)","(D)","(NA)"
"30460","Lexington-Fayette, KY (Metropolitan Statistical Area)"," ","900","Real GDP by Metropolitan Area","15","327","    Nonmetallic mineral products manufacturing","(D)","(D)","(D)","(D)","(D)","(D)","(D)","(D)","(D)","(D)","(D)","(D)","(NA)"
"30460","Lexington-Fayette, KY (Metropolitan Statistical Area)"," ","900","Real GDP by Metropolitan Area","16","331","    Primary metals manufacturing","(D)","(D)","(D)","(D)","(D)","(D)","(D)","(D)","(D)","(D)","(D)","(D)","(NA)"
"30460","Lexington-Fayette, KY (Metropolitan Statistical Area)"," ","900","Real GDP by Metropolitan Area","17","332","    Fabricated metal products",204,"(D)","(D)","(D)",223,"(D)","(D)","(D)","(D)","(D)","(D)","(D)","(NA)"
"30460","Lexington-Fayette, KY (Metropolitan Statistical Area)"," ","900","Real GDP by Metropolitan Area","18","333","    Machinery manufacturing","(D)","(D)","(D)","(D)","(D)","(D)","(D)","(D)","(D)","(D)","(D)","(D)","(NA)"
"30460","Lexington-Fayette, KY (Metropolitan Statistical Area)"," ","900","Real GDP by Metropolitan Area","19","334","    Computer and electronic products manufacturing","(D)","(D)","(D)","(D)","(D)","(D)","(D)","(D)","(D)","(D)","(D)","(D)","(NA)"
"30460","Lexington-Fayette, KY (Metropolitan Statistical Area)"," ","900","Real GDP by Metropolitan Area","20","335","    Electrical equipment, appliance, and components manufacturing","(D)","(D)","(D)","(D)","(D)","(D)","(D)","(D)","(D)","(D)","(D)","(D)","(NA)"
"30460","Lexington-Fayette, KY (Metropolitan Statistical Area)"," ","900","Real GDP by Metropolitan Area","21","3361-3363","    Motor vehicles, bodies and trailers, and parts manufacturing","(D)","(D)","(D)","(D)","(D)","(D)","(D)","(D)","(D)","(D)","(D)","(D)","(NA)"
"30460","Lexington-Fayette, KY (Metropolitan Statistical Area)"," ","900","Real GDP by Metropolitan Area","22","3364-3366, 3369","    Other transportation equipment manufacturing","(D)","(D)","(D)","(D)","(D)","(D)","(D)","(D)","(D)","(D)","(D)","(D)","(NA)"
"30460","Lexington-Fayette, KY (Metropolitan Statistical Area)"," ","900","Real GDP by Metropolitan Area","23","337","    Furniture and related products manufacturing","(D)","(D)","(D)","(D)","(D)","(D)","(D)","(D)","(D)","(D)","(D)","(D)","(NA)"
"30460","Lexington-Fayette, KY (Metropolitan Statistical Area)"," ","900","Real GDP by Metropolitan Area","24","339","    Miscellaneous manufacturing","(D)","(D)","(D)","(D)","(D)","(D)","(D)","(D)","(D)","(D)","(D)","(D)","(NA)"
"30460","Lexington-Fayette, KY (Metropolitan Statistical Area)"," ","900","Real GDP by Metropolitan Area","25","...","   Nondurable goods manufacturing","(D)","(D)","(D)","(D)","(D)","(D)","(D)","(D)","(D)","(D)","(D)","(D)",1054
"30460","Lexington-Fayette, KY (Metropolitan Statistical Area)"," ","900","Real GDP by Metropolitan Area","26","311-312","    Food and beverage and tobacco products manufacturing","(D)","(D)","(D)","(D)","(D)","(D)","(D)","(D)","(D)","(D)","(D)","(D)","(NA)"
"30460","Lexington-Fayette, KY (Metropolitan Statistical Area)"," ","900","Real GDP by Metropolitan Area","27","313-314","    Textile mills and textile product mills","(D)","(D)","(D)","(D)","(D)","(D)","(D)","(D)","(D)","(D)","(D)","(D)","(NA)"
"30460","Lexington-Fayette, KY (Metropolitan Statistical Area)"," ","900","Real GDP by Metropolitan Area","28","315-316","    Apparel and leather and allied products manufacturing","(D)","(D)","(D)","(D)","(D)","(D)","(D)","(D)","(D)","(D)","(D)","(D)","(NA)"
"30460","Lexington-Fayette, KY (Metropolitan Statistical Area)"," ","900","Real GDP by Metropolitan Area","29","322","    Paper products manufacturing","(D)","(D)","(D)","(D)","(D)","(D)","(D)","(D)","(D)","(D)","(D)","(D)","(NA)"
"30460","Lexington-Fayette, KY (Metropolitan Statistical Area)"," ","900","Real GDP by Metropolitan Area","30","323","    Printing and related support activities","(D)","(D)","(D)","(D)","(D)","(D)","(D)","(D)","(D)","(D)","(D)","(D)","(NA)"
"30460","Lexington-Fayette, KY (Metropolitan Statistical Area)"," ","900","Real GDP by Metropolitan Area","31","324","    Petroleum and coal products manufacturing","(D)","(D)","(D)","(D)","(D)","(D)","(D)","(D)","(D)","(D)","(D)","(D)","(NA)"
"30460","Lexington-Fayette, KY (Metropolitan Statistical Area)"," ","900","Real GDP by Metropolitan Area","32","325","    Chemical products manufacturing","(D)","(D)","(D)","(D)","(D)","(D)","(D)","(D)","(D)","(D)","(D)","(D)","(NA)"
"30460","Lexington-Fayette, KY (Metropolitan Statistical Area)"," ","900","Real GDP by Metropolitan Area","33","326","    Plastics and rubber products manufacturing","(D)","(D)","(D)","(D)","(D)","(D)","(D)","(D)","(D)","(D)","(D)","(D)","(NA)"
"30460","Lexington-Fayette, KY (Metropolitan Statistical Area)"," ","900","Real GDP by Metropolitan Area","34","42","  Wholesale trade","(D)","(D)","(D)","(D)","(D)","(D)","(D)","(D)","(D)",1643,1664,"(D)","(D)"
"30460","Lexington-Fayette, KY (Metropolitan Statistical Area)"," ","900","Real GDP by Metropolitan Area","35","44-45","  Retail trade",1324,1392,1500,1511,1573,1546,1512,1465,1455,1485,1495,1507,1519
"30460","Lexington-Fayette, KY (Metropolitan Statistical Area)"," ","900","Real GDP by Metropolitan Area","36","48-49","  Transportation and warehousing","(D)","(D)","(D)","(D)","(D)","(D)","(D)","(D)","(D)","(D)","(D)","(D)",670
"30460","Lexington-Fayette, KY (Metropolitan Statistical Area)"," ","900","Real GDP by Metropolitan Area","37","481","   Air transportation",22,18,20,"(D)","(D)","(D)","(D)","(D)","(D)","(D)","(D)","(D)","(NA)"
"30460","Lexington-Fayette, KY (Metropolitan Statistical Area)"," ","900","Real GDP by Metropolitan Area","38","482","   Rail transportation",14,13,14,15,16,17,16,18,17,18,19,18,"(NA)"
"30460","Lexington-Fayette, KY (Metropolitan Statistical Area)"," ","900","Real GDP by Metropolitan Area","39","483","   Water transportation","(D)","(D)","(D)","(D)","(D)","(D)","(D)","(D)","(D)","(D)","(D)","(D)","(NA)"
"30460","Lexington-Fayette, KY (Metropolitan Statistical Area)"," ","900","Real GDP by Metropolitan Area","40","484","   Truck transportation",228,236,233,246,263,275,260,251,220,233,229,244,"(NA)"
"30460","Lexington-Fayette, KY (Metropolitan Statistical Area)"," ","900","Real GDP by Metropolitan Area","41","485","   Transit and ground passenger transportation","(D)","(D)","(D)","(D)","(D)","(D)","(D)","(D)","(D)","(D)","(D)","(D)","(NA)"
"30460","Lexington-Fayette, KY (Metropolitan Statistical Area)"," ","900","Real GDP by Metropolitan Area","42","486","   Pipeline transportation","(D)","(D)","(D)","(D)","(D)","(D)","(D)","(D)","(D)","(D)","(D)","(D)","(NA)"
"30460","Lexington-Fayette, KY (Metropolitan Statistical Area)"," ","900","Real GDP by Metropolitan Area","43","487-488, 492","   Other transportation and support activities","(D)","(D)","(D)","(D)","(D)","(D)","(D)","(D)","(D)","(D)","(D)","(D)","(NA)"
"30460","Lexington-Fayette, KY (Metropolitan Statistical Area)"," ","900","Real GDP by Metropolitan Area","44","493","   Warehousing and storage","(D)","(D)","(D)","(D)","(D)","(D)","(D)","(D)","(D)","(D)","(D)","(D)","(NA)"
"30460","Lexington-Fayette, KY (Metropolitan Statistical Area)"," ","900","Real GDP by Metropolitan Area","45","51","  Information",492,581,599,646,696,794,804,798,736,766,776,730,723
"30460","Lexington-Fayette, KY (Metropolitan Statistical Area)"," ","900","Real GDP by Metropolitan Area","46","511","   Publishing industries, except Internet (includes software)","(D)","(D)","(D)","(D)","(D)","(D)","(D)","(D)","(D)","(D)","(D)","(D)","(NA)"
"30460","Lexington-Fayette, KY (Metropolitan Statistical Area)"," ","900","Real GDP by Metropolitan Area","47","512","   Motion picture and sound recording industries","(D)","(D)","(D)","(D)","(D)","(D)","(D)","(D)","(D)","(D)","(D)","(D)","(NA)"
"30460","Lexington-Fayette, KY (Metropolitan Statistical Area)"," ","900","Real GDP by Metropolitan Area","48","515, 517","   Broadcasting and telecommunications","(D)","(D)","(D)","(D)","(D)","(D)","(D)","(D)","(D)","(D)","(D)","(D)","(NA)"
"30460","Lexington-Fayette, KY (Metropolitan Statistical Area)"," ","900","Real GDP by Metropolitan Area","49","518, 519","   Data processing, internet publishing, and other information services","(D)","(D)","(D)","(D)","(D)","(D)","(D)","(D)","(D)","(D)","(D)","(D)","(NA)"
"30460","Lexington-Fayette, KY (Metropolitan Statistical Area)"," ","900","Real GDP by Metropolitan Area","50","52, 53","  Finance, insurance, real estate, rental, and leasing",3435,3629,3702,3669,3784,3775,3525,3606,3840,4012,4195,4140,4325
"30460","Lexington-Fayette, KY (Metropolitan Statistical Area)"," ","900","Real GDP by Metropolitan Area","51","52","   Finance and insurance",730,704,721,714,749,780,722,657,675,643,672,676,695
"30460","Lexington-Fayette, KY (Metropolitan Statistical Area)"," ","900","Real GDP by Metropolitan Area","52","521-522","    Federal Reserve banks, credit intermediation, and related services",295,310,300,310,"(D)","(D)","(D)","(D)",294,258,279,275,"(NA)"
"30460","Lexington-Fayette, KY (Metropolitan Statistical Area)"," ","900","Real GDP by Metropolitan Area","53","523","    Securities, commodity contracts, and investments","(D)","(D)","(D)","(D)","(D)","(D)","(D)","(D)","(D)","(D)","(D)","(D)","(NA)"
"30460","Lexington-Fayette, KY (Metropolitan Statistical Area)"," ","900","Real GDP by Metropolitan Area","54","524","    Insurance carriers and related activities","(D)","(D)","(D)","(D)","(D)","(D)","(D)","(D)","(D)","(D)","(D)","(D)","(NA)"
"30460","Lexington-Fayette, KY (Metropolitan Statistical Area)"," ","900","Real GDP by Metropolitan Area","55","525","    Funds, trusts, and other financial vehicles","(D)","(D)","(D)","(D)","(D)","(D)","(D)","(D)","(D)","(D)","(D)","(D)","(NA)"
"30460","Lexington-Fayette, KY (Metropolitan Statistical Area)"," ","900","Real GDP by Metropolitan Area","56","53","   Real estate and rental and leasing",2693,2921,2977,2951,3028,2985,2793,2948,3166,3371,3524,3464,3631
"30460","Lexington-Fayette, KY (Metropolitan Statistical Area)"," ","900","Real GDP by Metropolitan Area","57","531","    Real estate","(D)","(D)","(D)","(D)","(D)","(D)","(D)","(D)","(D)","(D)","(D)",3263,"(NA)"
"30460","Lexington-Fayette, KY (Metropolitan Statistical Area)"," ","900","Real GDP by Metropolitan Area","58","532-533","    Rental and leasing services and lessors of intangible assets","(D)","(D)","(D)","(D)","(D)","(D)","(D)","(D)","(D)","(D)","(D)",202,"(NA)"
"30460","Lexington-Fayette, KY (Metropolitan Statistical Area)"," ","900","Real GDP by Metropolitan Area","59","54, 55, 56","  Professional and business services",2015,2023,2020,2081,2109,2127,2211,2320,2182,2270,2403,2506,2657
"30460","Lexington-Fayette, KY (Metropolitan Statistical Area)"," ","900","Real GDP by Metropolitan Area","60","54","   Professional, scientific, and technical services","(D)","(D)","(D)","(D)","(D)","(D)","(D)","(D)","(D)","(D)","(D)","(D)",1376
"30460","Lexington-Fayette, KY (Metropolitan Statistical Area)"," ","900","Real GDP by Metropolitan Area","64","55","   Management of companies and enterprises","(D)","(D)","(D)","(D)","(D)","(D)","(D)","(D)","(D)","(D)","(D)","(D)","(D)"
"30460","Lexington-Fayette, KY (Metropolitan Statistical Area)"," ","900","Real GDP by Metropolitan Area","65","56","   Administrative and waste management services","(D)","(D)",470,"(D)","(D)","(D)","(D)","(D)","(D)","(D)","(D)","(D)","(D)"
"30460","Lexington-Fayette, KY (Metropolitan Statistical Area)"," ","900","Real GDP by Metropolitan Area","66","561","    Administrative and support services","(D)","(D)","(D)","(D)","(D)","(D)","(D)","(D)","(D)","(D)","(D)","(D)","(NA)"
"30460","Lexington-Fayette, KY (Metropolitan Statistical Area)"," ","900","Real GDP by Metropolitan Area","67","562","    Waste management and remediation services","(D)","(D)","(D)","(D)","(D)","(D)","(D)","(D)","(D)","(D)","(D)","(D)","(NA)"
"30460","Lexington-Fayette, KY (Metropolitan Statistical Area)"," ","900","Real GDP by Metropolitan Area","68","61, 62","  Educational services, health care, and social assistance",1464,1544,1613,1682,1713,1739,1680,1671,1705,1728,1813,1819,1835
"30460","Lexington-Fayette, KY (Metropolitan Statistical Area)"," ","900","Real GDP by Metropolitan Area","69","61","   Educational services","(D)","(D)","(D)","(D)","(D)","(D)","(D)","(D)","(D)","(D)","(D)","(D)",191
"30460","Lexington-Fayette, KY (Metropolitan Statistical Area)"," ","900","Real GDP by Metropolitan Area","70","62","   Health care and social assistance","(D)","(D)","(D)","(D)","(D)","(D)","(D)","(D)","(D)","(D)","(D)","(D)",1645
"30460","Lexington-Fayette, KY (Metropolitan Statistical Area)"," ","900","Real GDP by Metropolitan Area","71","621","    Ambulatory health care services",671,730,768,811,847,891,875,862,858,840,856,852,"(NA)"
"30460","Lexington-Fayette, KY (Metropolitan Statistical Area)"," ","900","Real GDP by Metropolitan Area","72","622-623","    Hospitals and nursing and residential care facilities","(D)","(D)","(D)","(D)","(D)","(D)","(D)","(D)","(D)","(D)","(D)","(D)","(NA)"
"30460","Lexington-Fayette, KY (Metropolitan Statistical Area)"," ","900","Real GDP by Metropolitan Area","73","624","    Social assistance","(D)","(D)",86,"(D)","(D)","(D)",105,108,109,113,114,"(D)","(NA)"
"30460","Lexington-Fayette, KY (Metropolitan Statistical Area)"," ","900","Real GDP by Metropolitan Area","74","71, 72","  Arts, entertainment, recreation, accommodation, and food services",896,936,990,1017,972,"(D)",952,919,879,891,902,912,915
"30460","Lexington-Fayette, KY (Metropolitan Statistical Area)"," ","900","Real GDP by Metropolitan Area","75","71","   Arts, entertainment, and recreation",173,204,233,240,221,"(D)",213,210,204,200,210,201,189
"30460","Lexington-Fayette, KY (Metropolitan Statistical Area)"," ","900","Real GDP by Metropolitan Area","76","711-712","    Performing arts, spectator sports, museums, and related activities","(D)",143,171,"(D)",159,146,"(D)","(D)",141,133,142,"(D)","(NA)"
"30460","Lexington-Fayette, KY (Metropolitan Statistical Area)"," ","900","Real GDP by Metropolitan Area","77","713","    Amusements, gambling, and recreation industries","(D)",60,62,"(D)",63,"(D)","(D)","(D)",62,67,68,"(D)","(NA)"
"30460","Lexington-Fayette, KY (Metropolitan Statistical Area)"," ","900","Real GDP by Metropolitan Area","78","72","   Accommodation and food services",724,732,757,778,750,750,739,709,676,691,692,711,726
"30460","Lexington-Fayette, KY (Metropolitan Statistical Area)"," ","900","Real GDP by Metropolitan Area","79","721","    Accommodation","(D)","(D)","(D)","(D)","(D)","(D)","(D)","(D)","(D)","(D)","(D)","(D)","(NA)"
"30460","Lexington-Fayette, KY (Metropolitan Statistical Area)"," ","900","Real GDP by Metropolitan Area","80","722","    Food services and drinking places","(D)","(D)","(D)","(D)","(D)","(D)","(D)","(D)","(D)","(D)","(D)","(D)","(NA)"
"30460","Lexington-Fayette, KY (Metropolitan Statistical Area)"," ","900","Real GDP by Metropolitan Area","81","81","  Other services, except government",436,447,450,449,443,426,421,438,426,427,422,424,421
"30460","Lexington-Fayette, KY (Metropolitan Statistical Area)"," ","900","Real GDP by Metropolitan Area","82","92"," Government",3023,3129,3118,3147,3238,3328,3502,3638,3514,3640,3577,3623,3605
"30460","Lexington-Fayette, KY (Metropolitan Statistical Area)"," ","900","Real GDP by Metropolitan Area","83","...","  Federal civilian",523,560,555,562,553,558,554,534,576,528,507,497,"(NA)"
"30460","Lexington-Fayette, KY (Metropolitan Statistical Area)"," ","900","Real GDP by Metropolitan Area","84","...","  Federal military",35,44,61,60,63,57,55,61,68,68,66,62,"(NA)"
"30460","Lexington-Fayette, KY (Metropolitan Statistical Area)"," ","900","Real GDP by Metropolitan Area","85","...","  State and local",2462,2523,2500,2522,2620,2711,2893,3044,2871,3044,3004,3065,"(NA)"
"30460","Lexington-Fayette, KY (Metropolitan Statistical Area)"," ","900","Real GDP by Metropolitan Area","86","11, 21","Natural resources and mining","(D)","(D)","(D)","(D)","(D)",827,"(D)","(D)","(D)",665,618,"(D)","(D)"
"30460","Lexington-Fayette, KY (Metropolitan Statistical Area)"," ","900","Real GDP by Metropolitan Area","87","42, 44-45","Trade","(D)","(D)","(D)","(D)","(D)","(D)","(D)","(D)","(D)",3128,3159,"(D)","(D)"
"30460","Lexington-Fayette, KY (Metropolitan Statistical Area)"," ","900","Real GDP by Metropolitan Area","88","...","Transportation and utilities",690,721,705,744,779,778,776,812,762,845,855,866,"(D)"
"30460","Lexington-Fayette, KY (Metropolitan Statistical Area)"," ","900","Real GDP by Metropolitan Area","89","...","Private goods-producing industries",5263,5738,5651,5759,5940,6549,6374,5987,5027,5946,5865,6034,"(D)"
"30460","Lexington-Fayette, KY (Metropolitan Statistical Area)"," ","900","Real GDP by Metropolitan Area","90","...","Private services-providing industries",11908,12502,12921,13231,13594,13782,13746,13961,13661,14064,14522,14616,"(D)"
"30460","Lexington-Fayette, KY (Metropolitan Statistical Area)"," ","1000","Per capita real GDP by Metropolitan Area","1","...","All industry total",48649,51085,51016,51431,52101,53108,52250,51260,47509,49938,50025,50030,50775
"Note: See the included footnote file."
NAICS Industry detail is based on the 2007 North American Industry Classification System (NAICS).
"Source: U.S. Department of Commerce / Bureau of Economic Analysis / Regional Product Division"
